"Ward Code","Ward Name","Local Authority","Age","Population"
"E05000650","Astley Bridge","Bolton","5","166"
"E05000650","Astley Bridge","Bolton","6","163"
"E05000650","Astley Bridge","Bolton","7","183"
"E05000650","Astley Bridge","Bolton","8","159"
"E05000650","Astley Bridge","Bolton","9","179"
"E05000650","Astley Bridge","Bolton","10","163"
"E05000650","Astley Bridge","Bolton","11","161"
"E05000651","Bradshaw","Bolton","5","149"
"E05000651","Bradshaw","Bolton","6","158"
"E05000651","Bradshaw","Bolton","7","133"
"E05000651","Bradshaw","Bolton","8","135"
"E05000651","Bradshaw","Bolton","9","150"
"E05000651","Bradshaw","Bolton","10","137"
"E05000651","Bradshaw","Bolton","11","145"
"E05000652","Breightmet","Bolton","5","217"
"E05000652","Breightmet","Bolton","6","202"
"E05000652","Breightmet","Bolton","7","195"
"E05000652","Breightmet","Bolton","8","201"
"E05000652","Breightmet","Bolton","9","163"
"E05000652","Breightmet","Bolton","10","188"
"E05000652","Breightmet","Bolton","11","187"
"E05000653","Bromley Cross","Bolton","5","149"
"E05000653","Bromley Cross","Bolton","6","134"
"E05000653","Bromley Cross","Bolton","7","157"
"E05000653","Bromley Cross","Bolton","8","149"
"E05000653","Bromley Cross","Bolton","9","152"
"E05000653","Bromley Cross","Bolton","10","151"
"E05000653","Bromley Cross","Bolton","11","166"
"E05000654","Crompton","Bolton","5","243"
"E05000654","Crompton","Bolton","6","236"
"E05000654","Crompton","Bolton","7","242"
"E05000654","Crompton","Bolton","8","233"
"E05000654","Crompton","Bolton","9","244"
"E05000654","Crompton","Bolton","10","199"
"E05000654","Crompton","Bolton","11","197"
"E05000655","Farnworth","Bolton","5","230"
"E05000655","Farnworth","Bolton","6","232"
"E05000655","Farnworth","Bolton","7","240"
"E05000655","Farnworth","Bolton","8","228"
"E05000655","Farnworth","Bolton","9","207"
"E05000655","Farnworth","Bolton","10","225"
"E05000655","Farnworth","Bolton","11","177"
"E05000656","Great Lever","Bolton","5","272"
"E05000656","Great Lever","Bolton","6","241"
"E05000656","Great Lever","Bolton","7","273"
"E05000656","Great Lever","Bolton","8","245"
"E05000656","Great Lever","Bolton","9","245"
"E05000656","Great Lever","Bolton","10","224"
"E05000656","Great Lever","Bolton","11","229"
"E05000657","Halliwell","Bolton","5","236"
"E05000657","Halliwell","Bolton","6","216"
"E05000657","Halliwell","Bolton","7","198"
"E05000657","Halliwell","Bolton","8","210"
"E05000657","Halliwell","Bolton","9","207"
"E05000657","Halliwell","Bolton","10","176"
"E05000657","Halliwell","Bolton","11","163"
"E05000658","Harper Green","Bolton","5","272"
"E05000658","Harper Green","Bolton","6","238"
"E05000658","Harper Green","Bolton","7","274"
"E05000658","Harper Green","Bolton","8","236"
"E05000658","Harper Green","Bolton","9","257"
"E05000658","Harper Green","Bolton","10","213"
"E05000658","Harper Green","Bolton","11","218"
"E05000659","Heaton and Lostock","Bolton","5","164"
"E05000659","Heaton and Lostock","Bolton","6","154"
"E05000659","Heaton and Lostock","Bolton","7","159"
"E05000659","Heaton and Lostock","Bolton","8","160"
"E05000659","Heaton and Lostock","Bolton","9","163"
"E05000659","Heaton and Lostock","Bolton","10","163"
"E05000659","Heaton and Lostock","Bolton","11","159"
"E05000660","Horwich and Blackrod","Bolton","5","158"
"E05000660","Horwich and Blackrod","Bolton","6","157"
"E05000660","Horwich and Blackrod","Bolton","7","158"
"E05000660","Horwich and Blackrod","Bolton","8","169"
"E05000660","Horwich and Blackrod","Bolton","9","138"
"E05000660","Horwich and Blackrod","Bolton","10","139"
"E05000660","Horwich and Blackrod","Bolton","11","144"
"E05000661","Horwich North East","Bolton","5","144"
"E05000661","Horwich North East","Bolton","6","121"
"E05000661","Horwich North East","Bolton","7","126"
"E05000661","Horwich North East","Bolton","8","127"
"E05000661","Horwich North East","Bolton","9","123"
"E05000661","Horwich North East","Bolton","10","117"
"E05000661","Horwich North East","Bolton","11","134"
"E05000662","Hulton","Bolton","5","201"
"E05000662","Hulton","Bolton","6","195"
"E05000662","Hulton","Bolton","7","187"
"E05000662","Hulton","Bolton","8","195"
"E05000662","Hulton","Bolton","9","180"
"E05000662","Hulton","Bolton","10","166"
"E05000662","Hulton","Bolton","11","185"
"E05000663","Kearsley","Bolton","5","190"
"E05000663","Kearsley","Bolton","6","184"
"E05000663","Kearsley","Bolton","7","175"
"E05000663","Kearsley","Bolton","8","187"
"E05000663","Kearsley","Bolton","9","172"
"E05000663","Kearsley","Bolton","10","169"
"E05000663","Kearsley","Bolton","11","178"
"E05000664","Little Lever and Darcy Lever","Bolton","5","165"
"E05000664","Little Lever and Darcy Lever","Bolton","6","157"
"E05000664","Little Lever and Darcy Lever","Bolton","7","179"
"E05000664","Little Lever and Darcy Lever","Bolton","8","159"
"E05000664","Little Lever and Darcy Lever","Bolton","9","163"
"E05000664","Little Lever and Darcy Lever","Bolton","10","144"
"E05000664","Little Lever and Darcy Lever","Bolton","11","136"
"E05000665","Rumworth","Bolton","5","307"
"E05000665","Rumworth","Bolton","6","279"
"E05000665","Rumworth","Bolton","7","269"
"E05000665","Rumworth","Bolton","8","268"
"E05000665","Rumworth","Bolton","9","267"
"E05000665","Rumworth","Bolton","10","238"
"E05000665","Rumworth","Bolton","11","246"
"E05000666","Smithills","Bolton","5","200"
"E05000666","Smithills","Bolton","6","203"
"E05000666","Smithills","Bolton","7","177"
"E05000666","Smithills","Bolton","8","178"
"E05000666","Smithills","Bolton","9","210"
"E05000666","Smithills","Bolton","10","180"
"E05000666","Smithills","Bolton","11","183"
"E05000667","Tonge with the Haulgh","Bolton","5","188"
"E05000667","Tonge with the Haulgh","Bolton","6","193"
"E05000667","Tonge with the Haulgh","Bolton","7","153"
"E05000667","Tonge with the Haulgh","Bolton","8","170"
"E05000667","Tonge with the Haulgh","Bolton","9","150"
"E05000667","Tonge with the Haulgh","Bolton","10","154"
"E05000667","Tonge with the Haulgh","Bolton","11","145"
"E05000668","Westhoughton North and Chew Moor","Bolton","5","174"
"E05000668","Westhoughton North and Chew Moor","Bolton","6","176"
"E05000668","Westhoughton North and Chew Moor","Bolton","7","154"
"E05000668","Westhoughton North and Chew Moor","Bolton","8","157"
"E05000668","Westhoughton North and Chew Moor","Bolton","9","172"
"E05000668","Westhoughton North and Chew Moor","Bolton","10","155"
"E05000668","Westhoughton North and Chew Moor","Bolton","11","160"
"E05000669","Westhoughton South","Bolton","5","155"
"E05000669","Westhoughton South","Bolton","6","160"
"E05000669","Westhoughton South","Bolton","7","156"
"E05000669","Westhoughton South","Bolton","8","175"
"E05000669","Westhoughton South","Bolton","9","163"
"E05000669","Westhoughton South","Bolton","10","168"
"E05000669","Westhoughton South","Bolton","11","149"
"E05000670","Besses","Bury","5","155"
"E05000670","Besses","Bury","6","150"
"E05000670","Besses","Bury","7","143"
"E05000670","Besses","Bury","8","157"
"E05000670","Besses","Bury","9","156"
"E05000670","Besses","Bury","10","140"
"E05000670","Besses","Bury","11","159"
"E05000671","Church","Bury","5","105"
"E05000671","Church","Bury","6","111"
"E05000671","Church","Bury","7","112"
"E05000671","Church","Bury","8","126"
"E05000671","Church","Bury","9","112"
"E05000671","Church","Bury","10","101"
"E05000671","Church","Bury","11","103"
"E05000672","East","Bury","5","184"
"E05000672","East","Bury","6","171"
"E05000672","East","Bury","7","158"
"E05000672","East","Bury","8","157"
"E05000672","East","Bury","9","148"
"E05000672","East","Bury","10","144"
"E05000672","East","Bury","11","145"
"E05000673","Elton","Bury","5","152"
"E05000673","Elton","Bury","6","162"
"E05000673","Elton","Bury","7","175"
"E05000673","Elton","Bury","8","136"
"E05000673","Elton","Bury","9","146"
"E05000673","Elton","Bury","10","122"
"E05000673","Elton","Bury","11","125"
"E05000674","Holyrood","Bury","5","152"
"E05000674","Holyrood","Bury","6","128"
"E05000674","Holyrood","Bury","7","145"
"E05000674","Holyrood","Bury","8","136"
"E05000674","Holyrood","Bury","9","137"
"E05000674","Holyrood","Bury","10","148"
"E05000674","Holyrood","Bury","11","120"
"E05000675","Moorside","Bury","5","153"
"E05000675","Moorside","Bury","6","169"
"E05000675","Moorside","Bury","7","176"
"E05000675","Moorside","Bury","8","163"
"E05000675","Moorside","Bury","9","172"
"E05000675","Moorside","Bury","10","141"
"E05000675","Moorside","Bury","11","128"
"E05000676","North Manor","Bury","5","91"
"E05000676","North Manor","Bury","6","106"
"E05000676","North Manor","Bury","7","131"
"E05000676","North Manor","Bury","8","84"
"E05000676","North Manor","Bury","9","111"
"E05000676","North Manor","Bury","10","106"
"E05000676","North Manor","Bury","11","103"
"E05000677","Pilkington Park","Bury","5","115"
"E05000677","Pilkington Park","Bury","6","81"
"E05000677","Pilkington Park","Bury","7","116"
"E05000677","Pilkington Park","Bury","8","107"
"E05000677","Pilkington Park","Bury","9","100"
"E05000677","Pilkington Park","Bury","10","113"
"E05000677","Pilkington Park","Bury","11","88"
"E05000678","Radcliffe East","Bury","5","145"
"E05000678","Radcliffe East","Bury","6","135"
"E05000678","Radcliffe East","Bury","7","160"
"E05000678","Radcliffe East","Bury","8","147"
"E05000678","Radcliffe East","Bury","9","126"
"E05000678","Radcliffe East","Bury","10","137"
"E05000678","Radcliffe East","Bury","11","112"
"E05000679","Radcliffe North","Bury","5","113"
"E05000679","Radcliffe North","Bury","6","121"
"E05000679","Radcliffe North","Bury","7","137"
"E05000679","Radcliffe North","Bury","8","124"
"E05000679","Radcliffe North","Bury","9","135"
"E05000679","Radcliffe North","Bury","10","143"
"E05000679","Radcliffe North","Bury","11","139"
"E05000680","Radcliffe West","Bury","5","188"
"E05000680","Radcliffe West","Bury","6","170"
"E05000680","Radcliffe West","Bury","7","188"
"E05000680","Radcliffe West","Bury","8","164"
"E05000680","Radcliffe West","Bury","9","157"
"E05000680","Radcliffe West","Bury","10","147"
"E05000680","Radcliffe West","Bury","11","154"
"E05000681","Ramsbottom","Bury","5","145"
"E05000681","Ramsbottom","Bury","6","136"
"E05000681","Ramsbottom","Bury","7","145"
"E05000681","Ramsbottom","Bury","8","137"
"E05000681","Ramsbottom","Bury","9","133"
"E05000681","Ramsbottom","Bury","10","142"
"E05000681","Ramsbottom","Bury","11","175"
"E05000682","Redvales","Bury","5","174"
"E05000682","Redvales","Bury","6","187"
"E05000682","Redvales","Bury","7","179"
"E05000682","Redvales","Bury","8","164"
"E05000682","Redvales","Bury","9","175"
"E05000682","Redvales","Bury","10","150"
"E05000682","Redvales","Bury","11","134"
"E05000683","St Mary's","Bury","5","125"
"E05000683","St Mary's","Bury","6","129"
"E05000683","St Mary's","Bury","7","111"
"E05000683","St Mary's","Bury","8","104"
"E05000683","St Mary's","Bury","9","100"
"E05000683","St Mary's","Bury","10","99"
"E05000683","St Mary's","Bury","11","101"
"E05000684","Sedgley","Bury","5","309"
"E05000684","Sedgley","Bury","6","278"
"E05000684","Sedgley","Bury","7","300"
"E05000684","Sedgley","Bury","8","263"
"E05000684","Sedgley","Bury","9","272"
"E05000684","Sedgley","Bury","10","258"
"E05000684","Sedgley","Bury","11","230"
"E05000685","Tottington","Bury","5","107"
"E05000685","Tottington","Bury","6","109"
"E05000685","Tottington","Bury","7","103"
"E05000685","Tottington","Bury","8","106"
"E05000685","Tottington","Bury","9","103"
"E05000685","Tottington","Bury","10","116"
"E05000685","Tottington","Bury","11","127"
"E05000686","Unsworth","Bury","5","96"
"E05000686","Unsworth","Bury","6","113"
"E05000686","Unsworth","Bury","7","118"
"E05000686","Unsworth","Bury","8","107"
"E05000686","Unsworth","Bury","9","110"
"E05000686","Unsworth","Bury","10","98"
"E05000686","Unsworth","Bury","11","112"
"E05000687","Ancoats and Clayton","Manchester","5","194"
"E05000687","Ancoats and Clayton","Manchester","6","215"
"E05000687","Ancoats and Clayton","Manchester","7","187"
"E05000687","Ancoats and Clayton","Manchester","8","190"
"E05000687","Ancoats and Clayton","Manchester","9","183"
"E05000687","Ancoats and Clayton","Manchester","10","154"
"E05000687","Ancoats and Clayton","Manchester","11","139"
"E05000688","Ardwick","Manchester","5","243"
"E05000688","Ardwick","Manchester","6","244"
"E05000688","Ardwick","Manchester","7","246"
"E05000688","Ardwick","Manchester","8","256"
"E05000688","Ardwick","Manchester","9","228"
"E05000688","Ardwick","Manchester","10","207"
"E05000688","Ardwick","Manchester","11","216"
"E05000689","Baguley","Manchester","5","235"
"E05000689","Baguley","Manchester","6","232"
"E05000689","Baguley","Manchester","7","228"
"E05000689","Baguley","Manchester","8","233"
"E05000689","Baguley","Manchester","9","206"
"E05000689","Baguley","Manchester","10","184"
"E05000689","Baguley","Manchester","11","166"
"E05000690","Bradford","Manchester","5","265"
"E05000690","Bradford","Manchester","6","267"
"E05000690","Bradford","Manchester","7","274"
"E05000690","Bradford","Manchester","8","273"
"E05000690","Bradford","Manchester","9","236"
"E05000690","Bradford","Manchester","10","239"
"E05000690","Bradford","Manchester","11","200"
"E05000691","Brooklands","Manchester","5","205"
"E05000691","Brooklands","Manchester","6","206"
"E05000691","Brooklands","Manchester","7","190"
"E05000691","Brooklands","Manchester","8","179"
"E05000691","Brooklands","Manchester","9","170"
"E05000691","Brooklands","Manchester","10","151"
"E05000691","Brooklands","Manchester","11","122"
"E05000692","Burnage","Manchester","5","278"
"E05000692","Burnage","Manchester","6","239"
"E05000692","Burnage","Manchester","7","223"
"E05000692","Burnage","Manchester","8","264"
"E05000692","Burnage","Manchester","9","245"
"E05000692","Burnage","Manchester","10","228"
"E05000692","Burnage","Manchester","11","228"
"E05000693","Charlestown","Manchester","5","249"
"E05000693","Charlestown","Manchester","6","232"
"E05000693","Charlestown","Manchester","7","209"
"E05000693","Charlestown","Manchester","8","203"
"E05000693","Charlestown","Manchester","9","230"
"E05000693","Charlestown","Manchester","10","220"
"E05000693","Charlestown","Manchester","11","183"
"E05000694","Cheetham","Manchester","5","410"
"E05000694","Cheetham","Manchester","6","397"
"E05000694","Cheetham","Manchester","7","399"
"E05000694","Cheetham","Manchester","8","386"
"E05000694","Cheetham","Manchester","9","387"
"E05000694","Cheetham","Manchester","10","363"
"E05000694","Cheetham","Manchester","11","325"
"E05000695","Chorlton","Manchester","5","173"
"E05000695","Chorlton","Manchester","6","134"
"E05000695","Chorlton","Manchester","7","164"
"E05000695","Chorlton","Manchester","8","148"
"E05000695","Chorlton","Manchester","9","134"
"E05000695","Chorlton","Manchester","10","117"
"E05000695","Chorlton","Manchester","11","109"
"E05000696","Chorlton Park","Manchester","5","182"
"E05000696","Chorlton Park","Manchester","6","169"
"E05000696","Chorlton Park","Manchester","7","178"
"E05000696","Chorlton Park","Manchester","8","176"
"E05000696","Chorlton Park","Manchester","9","190"
"E05000696","Chorlton Park","Manchester","10","152"
"E05000696","Chorlton Park","Manchester","11","153"
"E05000697","City Centre","Manchester","5","28"
"E05000697","City Centre","Manchester","6","30"
"E05000697","City Centre","Manchester","7","17"
"E05000697","City Centre","Manchester","8","8"
"E05000697","City Centre","Manchester","9","9"
"E05000697","City Centre","Manchester","10","18"
"E05000697","City Centre","Manchester","11","25"
"E05000698","Crumpsall","Manchester","5","297"
"E05000698","Crumpsall","Manchester","6","300"
"E05000698","Crumpsall","Manchester","7","283"
"E05000698","Crumpsall","Manchester","8","293"
"E05000698","Crumpsall","Manchester","9","247"
"E05000698","Crumpsall","Manchester","10","239"
"E05000698","Crumpsall","Manchester","11","216"
"E05000699","Didsbury East","Manchester","5","175"
"E05000699","Didsbury East","Manchester","6","143"
"E05000699","Didsbury East","Manchester","7","150"
"E05000699","Didsbury East","Manchester","8","152"
"E05000699","Didsbury East","Manchester","9","149"
"E05000699","Didsbury East","Manchester","10","143"
"E05000699","Didsbury East","Manchester","11","143"
"E05000700","Didsbury West","Manchester","5","107"
"E05000700","Didsbury West","Manchester","6","104"
"E05000700","Didsbury West","Manchester","7","110"
"E05000700","Didsbury West","Manchester","8","98"
"E05000700","Didsbury West","Manchester","9","109"
"E05000700","Didsbury West","Manchester","10","76"
"E05000700","Didsbury West","Manchester","11","80"
"E05000701","Fallowfield","Manchester","5","182"
"E05000701","Fallowfield","Manchester","6","168"
"E05000701","Fallowfield","Manchester","7","179"
"E05000701","Fallowfield","Manchester","8","167"
"E05000701","Fallowfield","Manchester","9","182"
"E05000701","Fallowfield","Manchester","10","134"
"E05000701","Fallowfield","Manchester","11","156"
"E05000702","Gorton North","Manchester","5","331"
"E05000702","Gorton North","Manchester","6","308"
"E05000702","Gorton North","Manchester","7","298"
"E05000702","Gorton North","Manchester","8","284"
"E05000702","Gorton North","Manchester","9","262"
"E05000702","Gorton North","Manchester","10","227"
"E05000702","Gorton North","Manchester","11","258"
"E05000703","Gorton South","Manchester","5","401"
"E05000703","Gorton South","Manchester","6","399"
"E05000703","Gorton South","Manchester","7","402"
"E05000703","Gorton South","Manchester","8","362"
"E05000703","Gorton South","Manchester","9","386"
"E05000703","Gorton South","Manchester","10","329"
"E05000703","Gorton South","Manchester","11","317"
"E05000704","Harpurhey","Manchester","5","346"
"E05000704","Harpurhey","Manchester","6","324"
"E05000704","Harpurhey","Manchester","7","321"
"E05000704","Harpurhey","Manchester","8","318"
"E05000704","Harpurhey","Manchester","9","279"
"E05000704","Harpurhey","Manchester","10","272"
"E05000704","Harpurhey","Manchester","11","257"
"E05000705","Higher Blackley","Manchester","5","236"
"E05000705","Higher Blackley","Manchester","6","214"
"E05000705","Higher Blackley","Manchester","7","232"
"E05000705","Higher Blackley","Manchester","8","209"
"E05000705","Higher Blackley","Manchester","9","185"
"E05000705","Higher Blackley","Manchester","10","200"
"E05000705","Higher Blackley","Manchester","11","183"
"E05000706","Hulme","Manchester","5","164"
"E05000706","Hulme","Manchester","6","141"
"E05000706","Hulme","Manchester","7","117"
"E05000706","Hulme","Manchester","8","116"
"E05000706","Hulme","Manchester","9","112"
"E05000706","Hulme","Manchester","10","103"
"E05000706","Hulme","Manchester","11","90"
"E05000707","Levenshulme","Manchester","5","188"
"E05000707","Levenshulme","Manchester","6","184"
"E05000707","Levenshulme","Manchester","7","194"
"E05000707","Levenshulme","Manchester","8","176"
"E05000707","Levenshulme","Manchester","9","202"
"E05000707","Levenshulme","Manchester","10","160"
"E05000707","Levenshulme","Manchester","11","156"
"E05000708","Longsight","Manchester","5","264"
"E05000708","Longsight","Manchester","6","265"
"E05000708","Longsight","Manchester","7","270"
"E05000708","Longsight","Manchester","8","254"
"E05000708","Longsight","Manchester","9","260"
"E05000708","Longsight","Manchester","10","207"
"E05000708","Longsight","Manchester","11","212"
"E05000709","Miles Platting and Newton Heath","Manchester","5","264"
"E05000709","Miles Platting and Newton Heath","Manchester","6","270"
"E05000709","Miles Platting and Newton Heath","Manchester","7","263"
"E05000709","Miles Platting and Newton Heath","Manchester","8","245"
"E05000709","Miles Platting and Newton Heath","Manchester","9","232"
"E05000709","Miles Platting and Newton Heath","Manchester","10","207"
"E05000709","Miles Platting and Newton Heath","Manchester","11","160"
"E05000710","Moss Side","Manchester","5","347"
"E05000710","Moss Side","Manchester","6","352"
"E05000710","Moss Side","Manchester","7","313"
"E05000710","Moss Side","Manchester","8","344"
"E05000710","Moss Side","Manchester","9","316"
"E05000710","Moss Side","Manchester","10","297"
"E05000710","Moss Side","Manchester","11","266"
"E05000711","Moston","Manchester","5","197"
"E05000711","Moston","Manchester","6","178"
"E05000711","Moston","Manchester","7","200"
"E05000711","Moston","Manchester","8","212"
"E05000711","Moston","Manchester","9","189"
"E05000711","Moston","Manchester","10","184"
"E05000711","Moston","Manchester","11","171"
"E05000712","Northenden","Manchester","5","251"
"E05000712","Northenden","Manchester","6","196"
"E05000712","Northenden","Manchester","7","224"
"E05000712","Northenden","Manchester","8","182"
"E05000712","Northenden","Manchester","9","194"
"E05000712","Northenden","Manchester","10","178"
"E05000712","Northenden","Manchester","11","166"
"E05000713","Old Moat","Manchester","5","161"
"E05000713","Old Moat","Manchester","6","144"
"E05000713","Old Moat","Manchester","7","148"
"E05000713","Old Moat","Manchester","8","141"
"E05000713","Old Moat","Manchester","9","130"
"E05000713","Old Moat","Manchester","10","130"
"E05000713","Old Moat","Manchester","11","128"
"E05000714","Rusholme","Manchester","5","162"
"E05000714","Rusholme","Manchester","6","179"
"E05000714","Rusholme","Manchester","7","149"
"E05000714","Rusholme","Manchester","8","171"
"E05000714","Rusholme","Manchester","9","161"
"E05000714","Rusholme","Manchester","10","156"
"E05000714","Rusholme","Manchester","11","147"
"E05000715","Sharston","Manchester","5","295"
"E05000715","Sharston","Manchester","6","229"
"E05000715","Sharston","Manchester","7","290"
"E05000715","Sharston","Manchester","8","237"
"E05000715","Sharston","Manchester","9","225"
"E05000715","Sharston","Manchester","10","223"
"E05000715","Sharston","Manchester","11","179"
"E05000716","Whalley Range","Manchester","5","189"
"E05000716","Whalley Range","Manchester","6","187"
"E05000716","Whalley Range","Manchester","7","200"
"E05000716","Whalley Range","Manchester","8","183"
"E05000716","Whalley Range","Manchester","9","173"
"E05000716","Whalley Range","Manchester","10","174"
"E05000716","Whalley Range","Manchester","11","175"
"E05000717","Withington","Manchester","5","103"
"E05000717","Withington","Manchester","6","113"
"E05000717","Withington","Manchester","7","84"
"E05000717","Withington","Manchester","8","84"
"E05000717","Withington","Manchester","9","74"
"E05000717","Withington","Manchester","10","93"
"E05000717","Withington","Manchester","11","74"
"E05000718","Woodhouse Park","Manchester","5","219"
"E05000718","Woodhouse Park","Manchester","6","178"
"E05000718","Woodhouse Park","Manchester","7","173"
"E05000718","Woodhouse Park","Manchester","8","203"
"E05000718","Woodhouse Park","Manchester","9","188"
"E05000718","Woodhouse Park","Manchester","10","174"
"E05000718","Woodhouse Park","Manchester","11","148"
"E05000719","Alexandra","Oldham","5","260"
"E05000719","Alexandra","Oldham","6","262"
"E05000719","Alexandra","Oldham","7","237"
"E05000719","Alexandra","Oldham","8","251"
"E05000719","Alexandra","Oldham","9","222"
"E05000719","Alexandra","Oldham","10","250"
"E05000719","Alexandra","Oldham","11","216"
"E05000720","Chadderton Central","Oldham","5","122"
"E05000720","Chadderton Central","Oldham","6","143"
"E05000720","Chadderton Central","Oldham","7","162"
"E05000720","Chadderton Central","Oldham","8","141"
"E05000720","Chadderton Central","Oldham","9","119"
"E05000720","Chadderton Central","Oldham","10","152"
"E05000720","Chadderton Central","Oldham","11","148"
"E05000721","Chadderton North","Oldham","5","158"
"E05000721","Chadderton North","Oldham","6","149"
"E05000721","Chadderton North","Oldham","7","156"
"E05000721","Chadderton North","Oldham","8","178"
"E05000721","Chadderton North","Oldham","9","176"
"E05000721","Chadderton North","Oldham","10","159"
"E05000721","Chadderton North","Oldham","11","161"
"E05000722","Chadderton South","Oldham","5","137"
"E05000722","Chadderton South","Oldham","6","162"
"E05000722","Chadderton South","Oldham","7","141"
"E05000722","Chadderton South","Oldham","8","130"
"E05000722","Chadderton South","Oldham","9","142"
"E05000722","Chadderton South","Oldham","10","116"
"E05000722","Chadderton South","Oldham","11","136"
"E05000723","Coldhurst","Oldham","5","231"
"E05000723","Coldhurst","Oldham","6","222"
"E05000723","Coldhurst","Oldham","7","243"
"E05000723","Coldhurst","Oldham","8","267"
"E05000723","Coldhurst","Oldham","9","235"
"E05000723","Coldhurst","Oldham","10","237"
"E05000723","Coldhurst","Oldham","11","247"
"E05000724","Crompton","Oldham","5","123"
"E05000724","Crompton","Oldham","6","101"
"E05000724","Crompton","Oldham","7","118"
"E05000724","Crompton","Oldham","8","96"
"E05000724","Crompton","Oldham","9","102"
"E05000724","Crompton","Oldham","10","106"
"E05000724","Crompton","Oldham","11","96"
"E05000725","Failsworth East","Oldham","5","114"
"E05000725","Failsworth East","Oldham","6","110"
"E05000725","Failsworth East","Oldham","7","133"
"E05000725","Failsworth East","Oldham","8","111"
"E05000725","Failsworth East","Oldham","9","102"
"E05000725","Failsworth East","Oldham","10","127"
"E05000725","Failsworth East","Oldham","11","111"
"E05000726","Failsworth West","Oldham","5","122"
"E05000726","Failsworth West","Oldham","6","122"
"E05000726","Failsworth West","Oldham","7","114"
"E05000726","Failsworth West","Oldham","8","114"
"E05000726","Failsworth West","Oldham","9","124"
"E05000726","Failsworth West","Oldham","10","114"
"E05000726","Failsworth West","Oldham","11","126"
"E05000727","Hollinwood","Oldham","5","167"
"E05000727","Hollinwood","Oldham","6","171"
"E05000727","Hollinwood","Oldham","7","200"
"E05000727","Hollinwood","Oldham","8","186"
"E05000727","Hollinwood","Oldham","9","192"
"E05000727","Hollinwood","Oldham","10","202"
"E05000727","Hollinwood","Oldham","11","155"
"E05000728","Medlock Vale","Oldham","5","264"
"E05000728","Medlock Vale","Oldham","6","269"
"E05000728","Medlock Vale","Oldham","7","262"
"E05000728","Medlock Vale","Oldham","8","273"
"E05000728","Medlock Vale","Oldham","9","230"
"E05000728","Medlock Vale","Oldham","10","236"
"E05000728","Medlock Vale","Oldham","11","240"
"E05000729","Royton North","Oldham","5","125"
"E05000729","Royton North","Oldham","6","93"
"E05000729","Royton North","Oldham","7","110"
"E05000729","Royton North","Oldham","8","118"
"E05000729","Royton North","Oldham","9","135"
"E05000729","Royton North","Oldham","10","103"
"E05000729","Royton North","Oldham","11","110"
"E05000730","Royton South","Oldham","5","146"
"E05000730","Royton South","Oldham","6","112"
"E05000730","Royton South","Oldham","7","133"
"E05000730","Royton South","Oldham","8","98"
"E05000730","Royton South","Oldham","9","116"
"E05000730","Royton South","Oldham","10","119"
"E05000730","Royton South","Oldham","11","111"
"E05000731","Saddleworth North","Oldham","5","87"
"E05000731","Saddleworth North","Oldham","6","99"
"E05000731","Saddleworth North","Oldham","7","121"
"E05000731","Saddleworth North","Oldham","8","105"
"E05000731","Saddleworth North","Oldham","9","101"
"E05000731","Saddleworth North","Oldham","10","100"
"E05000731","Saddleworth North","Oldham","11","102"
"E05000732","Saddleworth South","Oldham","5","97"
"E05000732","Saddleworth South","Oldham","6","97"
"E05000732","Saddleworth South","Oldham","7","112"
"E05000732","Saddleworth South","Oldham","8","111"
"E05000732","Saddleworth South","Oldham","9","100"
"E05000732","Saddleworth South","Oldham","10","111"
"E05000732","Saddleworth South","Oldham","11","115"
"E05000733","Saddleworth West and Lees","Oldham","5","113"
"E05000733","Saddleworth West and Lees","Oldham","6","116"
"E05000733","Saddleworth West and Lees","Oldham","7","121"
"E05000733","Saddleworth West and Lees","Oldham","8","117"
"E05000733","Saddleworth West and Lees","Oldham","9","146"
"E05000733","Saddleworth West and Lees","Oldham","10","110"
"E05000733","Saddleworth West and Lees","Oldham","11","95"
"E05000734","St James'","Oldham","5","195"
"E05000734","St James'","Oldham","6","204"
"E05000734","St James'","Oldham","7","208"
"E05000734","St James'","Oldham","8","198"
"E05000734","St James'","Oldham","9","187"
"E05000734","St James'","Oldham","10","170"
"E05000734","St James'","Oldham","11","162"
"E05000735","St Mary's","Oldham","5","314"
"E05000735","St Mary's","Oldham","6","292"
"E05000735","St Mary's","Oldham","7","307"
"E05000735","St Mary's","Oldham","8","279"
"E05000735","St Mary's","Oldham","9","281"
"E05000735","St Mary's","Oldham","10","283"
"E05000735","St Mary's","Oldham","11","227"
"E05000736","Shaw","Oldham","5","130"
"E05000736","Shaw","Oldham","6","141"
"E05000736","Shaw","Oldham","7","125"
"E05000736","Shaw","Oldham","8","127"
"E05000736","Shaw","Oldham","9","115"
"E05000736","Shaw","Oldham","10","81"
"E05000736","Shaw","Oldham","11","89"
"E05000737","Waterhead","Oldham","5","198"
"E05000737","Waterhead","Oldham","6","186"
"E05000737","Waterhead","Oldham","7","210"
"E05000737","Waterhead","Oldham","8","191"
"E05000737","Waterhead","Oldham","9","167"
"E05000737","Waterhead","Oldham","10","190"
"E05000737","Waterhead","Oldham","11","162"
"E05000738","Werneth","Oldham","5","271"
"E05000738","Werneth","Oldham","6","258"
"E05000738","Werneth","Oldham","7","268"
"E05000738","Werneth","Oldham","8","271"
"E05000738","Werneth","Oldham","9","275"
"E05000738","Werneth","Oldham","10","250"
"E05000738","Werneth","Oldham","11","244"
"E05000739","Balderstone and Kirkholt","Rochdale","5","148"
"E05000739","Balderstone and Kirkholt","Rochdale","6","169"
"E05000739","Balderstone and Kirkholt","Rochdale","7","161"
"E05000739","Balderstone and Kirkholt","Rochdale","8","169"
"E05000739","Balderstone and Kirkholt","Rochdale","9","166"
"E05000739","Balderstone and Kirkholt","Rochdale","10","161"
"E05000739","Balderstone and Kirkholt","Rochdale","11","142"
"E05000740","Bamford","Rochdale","5","114"
"E05000740","Bamford","Rochdale","6","114"
"E05000740","Bamford","Rochdale","7","129"
"E05000740","Bamford","Rochdale","8","113"
"E05000740","Bamford","Rochdale","9","122"
"E05000740","Bamford","Rochdale","10","122"
"E05000740","Bamford","Rochdale","11","123"
"E05000741","Castleton","Rochdale","5","126"
"E05000741","Castleton","Rochdale","6","151"
"E05000741","Castleton","Rochdale","7","142"
"E05000741","Castleton","Rochdale","8","120"
"E05000741","Castleton","Rochdale","9","133"
"E05000741","Castleton","Rochdale","10","105"
"E05000741","Castleton","Rochdale","11","111"
"E05000742","Central Rochdale","Rochdale","5","179"
"E05000742","Central Rochdale","Rochdale","6","171"
"E05000742","Central Rochdale","Rochdale","7","199"
"E05000742","Central Rochdale","Rochdale","8","151"
"E05000742","Central Rochdale","Rochdale","9","203"
"E05000742","Central Rochdale","Rochdale","10","192"
"E05000742","Central Rochdale","Rochdale","11","172"
"E05000743","East Middleton","Rochdale","5","120"
"E05000743","East Middleton","Rochdale","6","111"
"E05000743","East Middleton","Rochdale","7","115"
"E05000743","East Middleton","Rochdale","8","119"
"E05000743","East Middleton","Rochdale","9","108"
"E05000743","East Middleton","Rochdale","10","109"
"E05000743","East Middleton","Rochdale","11","115"
"E05000744","Healey","Rochdale","5","132"
"E05000744","Healey","Rochdale","6","118"
"E05000744","Healey","Rochdale","7","132"
"E05000744","Healey","Rochdale","8","127"
"E05000744","Healey","Rochdale","9","126"
"E05000744","Healey","Rochdale","10","114"
"E05000744","Healey","Rochdale","11","84"
"E05000745","Hopwood Hall","Rochdale","5","135"
"E05000745","Hopwood Hall","Rochdale","6","122"
"E05000745","Hopwood Hall","Rochdale","7","156"
"E05000745","Hopwood Hall","Rochdale","8","123"
"E05000745","Hopwood Hall","Rochdale","9","141"
"E05000745","Hopwood Hall","Rochdale","10","142"
"E05000745","Hopwood Hall","Rochdale","11","132"
"E05000746","Kingsway","Rochdale","5","237"
"E05000746","Kingsway","Rochdale","6","242"
"E05000746","Kingsway","Rochdale","7","199"
"E05000746","Kingsway","Rochdale","8","237"
"E05000746","Kingsway","Rochdale","9","208"
"E05000746","Kingsway","Rochdale","10","217"
"E05000746","Kingsway","Rochdale","11","172"
"E05000747","Littleborough Lakeside","Rochdale","5","108"
"E05000747","Littleborough Lakeside","Rochdale","6","96"
"E05000747","Littleborough Lakeside","Rochdale","7","94"
"E05000747","Littleborough Lakeside","Rochdale","8","106"
"E05000747","Littleborough Lakeside","Rochdale","9","101"
"E05000747","Littleborough Lakeside","Rochdale","10","75"
"E05000747","Littleborough Lakeside","Rochdale","11","103"
"E05000748","Milkstone and Deeplish","Rochdale","5","217"
"E05000748","Milkstone and Deeplish","Rochdale","6","213"
"E05000748","Milkstone and Deeplish","Rochdale","7","201"
"E05000748","Milkstone and Deeplish","Rochdale","8","202"
"E05000748","Milkstone and Deeplish","Rochdale","9","171"
"E05000748","Milkstone and Deeplish","Rochdale","10","203"
"E05000748","Milkstone and Deeplish","Rochdale","11","181"
"E05000749","Milnrow and Newhey","Rochdale","5","120"
"E05000749","Milnrow and Newhey","Rochdale","6","110"
"E05000749","Milnrow and Newhey","Rochdale","7","123"
"E05000749","Milnrow and Newhey","Rochdale","8","106"
"E05000749","Milnrow and Newhey","Rochdale","9","109"
"E05000749","Milnrow and Newhey","Rochdale","10","94"
"E05000749","Milnrow and Newhey","Rochdale","11","126"
"E05000750","Norden","Rochdale","5","112"
"E05000750","Norden","Rochdale","6","108"
"E05000750","Norden","Rochdale","7","111"
"E05000750","Norden","Rochdale","8","141"
"E05000750","Norden","Rochdale","9","119"
"E05000750","Norden","Rochdale","10","100"
"E05000750","Norden","Rochdale","11","114"
"E05000751","North Heywood","Rochdale","5","141"
"E05000751","North Heywood","Rochdale","6","122"
"E05000751","North Heywood","Rochdale","7","135"
"E05000751","North Heywood","Rochdale","8","118"
"E05000751","North Heywood","Rochdale","9","121"
"E05000751","North Heywood","Rochdale","10","116"
"E05000751","North Heywood","Rochdale","11","101"
"E05000752","North Middleton","Rochdale","5","146"
"E05000752","North Middleton","Rochdale","6","125"
"E05000752","North Middleton","Rochdale","7","118"
"E05000752","North Middleton","Rochdale","8","144"
"E05000752","North Middleton","Rochdale","9","126"
"E05000752","North Middleton","Rochdale","10","106"
"E05000752","North Middleton","Rochdale","11","110"
"E05000753","Smallbridge and Firgrove","Rochdale","5","189"
"E05000753","Smallbridge and Firgrove","Rochdale","6","227"
"E05000753","Smallbridge and Firgrove","Rochdale","7","212"
"E05000753","Smallbridge and Firgrove","Rochdale","8","199"
"E05000753","Smallbridge and Firgrove","Rochdale","9","204"
"E05000753","Smallbridge and Firgrove","Rochdale","10","185"
"E05000753","Smallbridge and Firgrove","Rochdale","11","193"
"E05000754","South Middleton","Rochdale","5","135"
"E05000754","South Middleton","Rochdale","6","96"
"E05000754","South Middleton","Rochdale","7","119"
"E05000754","South Middleton","Rochdale","8","118"
"E05000754","South Middleton","Rochdale","9","110"
"E05000754","South Middleton","Rochdale","10","95"
"E05000754","South Middleton","Rochdale","11","102"
"E05000755","Spotland and Falinge","Rochdale","5","166"
"E05000755","Spotland and Falinge","Rochdale","6","152"
"E05000755","Spotland and Falinge","Rochdale","7","168"
"E05000755","Spotland and Falinge","Rochdale","8","167"
"E05000755","Spotland and Falinge","Rochdale","9","152"
"E05000755","Spotland and Falinge","Rochdale","10","158"
"E05000755","Spotland and Falinge","Rochdale","11","150"
"E05000756","Wardle and West Littleborough","Rochdale","5","136"
"E05000756","Wardle and West Littleborough","Rochdale","6","138"
"E05000756","Wardle and West Littleborough","Rochdale","7","149"
"E05000756","Wardle and West Littleborough","Rochdale","8","134"
"E05000756","Wardle and West Littleborough","Rochdale","9","116"
"E05000756","Wardle and West Littleborough","Rochdale","10","124"
"E05000756","Wardle and West Littleborough","Rochdale","11","138"
"E05000757","West Heywood","Rochdale","5","163"
"E05000757","West Heywood","Rochdale","6","154"
"E05000757","West Heywood","Rochdale","7","140"
"E05000757","West Heywood","Rochdale","8","147"
"E05000757","West Heywood","Rochdale","9","152"
"E05000757","West Heywood","Rochdale","10","125"
"E05000757","West Heywood","Rochdale","11","140"
"E05000758","West Middleton","Rochdale","5","185"
"E05000758","West Middleton","Rochdale","6","183"
"E05000758","West Middleton","Rochdale","7","176"
"E05000758","West Middleton","Rochdale","8","188"
"E05000758","West Middleton","Rochdale","9","180"
"E05000758","West Middleton","Rochdale","10","133"
"E05000758","West Middleton","Rochdale","11","141"
"E05000759","Barton","Salford","5","176"
"E05000759","Barton","Salford","6","186"
"E05000759","Barton","Salford","7","151"
"E05000759","Barton","Salford","8","160"
"E05000759","Barton","Salford","9","150"
"E05000759","Barton","Salford","10","165"
"E05000759","Barton","Salford","11","113"
"E05000760","Boothstown and Ellenbrook","Salford","5","116"
"E05000760","Boothstown and Ellenbrook","Salford","6","100"
"E05000760","Boothstown and Ellenbrook","Salford","7","106"
"E05000760","Boothstown and Ellenbrook","Salford","8","123"
"E05000760","Boothstown and Ellenbrook","Salford","9","102"
"E05000760","Boothstown and Ellenbrook","Salford","10","100"
"E05000760","Boothstown and Ellenbrook","Salford","11","115"
"E05000761","Broughton","Salford","5","290"
"E05000761","Broughton","Salford","6","311"
"E05000761","Broughton","Salford","7","303"
"E05000761","Broughton","Salford","8","283"
"E05000761","Broughton","Salford","9","293"
"E05000761","Broughton","Salford","10","254"
"E05000761","Broughton","Salford","11","239"
"E05000762","Cadishead","Salford","5","148"
"E05000762","Cadishead","Salford","6","130"
"E05000762","Cadishead","Salford","7","165"
"E05000762","Cadishead","Salford","8","163"
"E05000762","Cadishead","Salford","9","130"
"E05000762","Cadishead","Salford","10","130"
"E05000762","Cadishead","Salford","11","129"
"E05000763","Claremont","Salford","5","123"
"E05000763","Claremont","Salford","6","112"
"E05000763","Claremont","Salford","7","111"
"E05000763","Claremont","Salford","8","105"
"E05000763","Claremont","Salford","9","122"
"E05000763","Claremont","Salford","10","87"
"E05000763","Claremont","Salford","11","78"
"E05000764","Eccles","Salford","5","130"
"E05000764","Eccles","Salford","6","142"
"E05000764","Eccles","Salford","7","116"
"E05000764","Eccles","Salford","8","130"
"E05000764","Eccles","Salford","9","122"
"E05000764","Eccles","Salford","10","96"
"E05000764","Eccles","Salford","11","91"
"E05000765","Irlam","Salford","5","166"
"E05000765","Irlam","Salford","6","129"
"E05000765","Irlam","Salford","7","156"
"E05000765","Irlam","Salford","8","116"
"E05000765","Irlam","Salford","9","140"
"E05000765","Irlam","Salford","10","120"
"E05000765","Irlam","Salford","11","106"
"E05000766","Irwell Riverside","Salford","5","150"
"E05000766","Irwell Riverside","Salford","6","142"
"E05000766","Irwell Riverside","Salford","7","134"
"E05000766","Irwell Riverside","Salford","8","108"
"E05000766","Irwell Riverside","Salford","9","108"
"E05000766","Irwell Riverside","Salford","10","117"
"E05000766","Irwell Riverside","Salford","11","100"
"E05000767","Kersal","Salford","5","224"
"E05000767","Kersal","Salford","6","237"
"E05000767","Kersal","Salford","7","230"
"E05000767","Kersal","Salford","8","226"
"E05000767","Kersal","Salford","9","232"
"E05000767","Kersal","Salford","10","225"
"E05000767","Kersal","Salford","11","213"
"E05000768","Langworthy","Salford","5","164"
"E05000768","Langworthy","Salford","6","160"
"E05000768","Langworthy","Salford","7","162"
"E05000768","Langworthy","Salford","8","121"
"E05000768","Langworthy","Salford","9","131"
"E05000768","Langworthy","Salford","10","117"
"E05000768","Langworthy","Salford","11","107"
"E05000769","Little Hulton","Salford","5","251"
"E05000769","Little Hulton","Salford","6","244"
"E05000769","Little Hulton","Salford","7","261"
"E05000769","Little Hulton","Salford","8","232"
"E05000769","Little Hulton","Salford","9","205"
"E05000769","Little Hulton","Salford","10","201"
"E05000769","Little Hulton","Salford","11","207"
"E05000770","Ordsall","Salford","5","106"
"E05000770","Ordsall","Salford","6","121"
"E05000770","Ordsall","Salford","7","89"
"E05000770","Ordsall","Salford","8","85"
"E05000770","Ordsall","Salford","9","92"
"E05000770","Ordsall","Salford","10","78"
"E05000770","Ordsall","Salford","11","83"
"E05000771","Pendlebury","Salford","5","172"
"E05000771","Pendlebury","Salford","6","157"
"E05000771","Pendlebury","Salford","7","181"
"E05000771","Pendlebury","Salford","8","155"
"E05000771","Pendlebury","Salford","9","147"
"E05000771","Pendlebury","Salford","10","172"
"E05000771","Pendlebury","Salford","11","121"
"E05000772","Swinton North","Salford","5","155"
"E05000772","Swinton North","Salford","6","145"
"E05000772","Swinton North","Salford","7","159"
"E05000772","Swinton North","Salford","8","156"
"E05000772","Swinton North","Salford","9","140"
"E05000772","Swinton North","Salford","10","138"
"E05000772","Swinton North","Salford","11","111"
"E05000773","Swinton South","Salford","5","154"
"E05000773","Swinton South","Salford","6","135"
"E05000773","Swinton South","Salford","7","143"
"E05000773","Swinton South","Salford","8","146"
"E05000773","Swinton South","Salford","9","127"
"E05000773","Swinton South","Salford","10","133"
"E05000773","Swinton South","Salford","11","136"
"E05000774","Walkden North","Salford","5","181"
"E05000774","Walkden North","Salford","6","177"
"E05000774","Walkden North","Salford","7","189"
"E05000774","Walkden North","Salford","8","152"
"E05000774","Walkden North","Salford","9","162"
"E05000774","Walkden North","Salford","10","146"
"E05000774","Walkden North","Salford","11","138"
"E05000775","Walkden South","Salford","5","116"
"E05000775","Walkden South","Salford","6","109"
"E05000775","Walkden South","Salford","7","116"
"E05000775","Walkden South","Salford","8","124"
"E05000775","Walkden South","Salford","9","86"
"E05000775","Walkden South","Salford","10","105"
"E05000775","Walkden South","Salford","11","98"
"E05000776","Weaste and Seedley","Salford","5","163"
"E05000776","Weaste and Seedley","Salford","6","152"
"E05000776","Weaste and Seedley","Salford","7","141"
"E05000776","Weaste and Seedley","Salford","8","150"
"E05000776","Weaste and Seedley","Salford","9","143"
"E05000776","Weaste and Seedley","Salford","10","138"
"E05000776","Weaste and Seedley","Salford","11","129"
"E05000777","Winton","Salford","5","173"
"E05000777","Winton","Salford","6","173"
"E05000777","Winton","Salford","7","196"
"E05000777","Winton","Salford","8","177"
"E05000777","Winton","Salford","9","188"
"E05000777","Winton","Salford","10","155"
"E05000777","Winton","Salford","11","141"
"E05000778","Worsley","Salford","5","109"
"E05000778","Worsley","Salford","6","114"
"E05000778","Worsley","Salford","7","115"
"E05000778","Worsley","Salford","8","130"
"E05000778","Worsley","Salford","9","116"
"E05000778","Worsley","Salford","10","110"
"E05000778","Worsley","Salford","11","123"
"E05000779","Bramhall North","Stockport","5","123"
"E05000779","Bramhall North","Stockport","6","152"
"E05000779","Bramhall North","Stockport","7","136"
"E05000779","Bramhall North","Stockport","8","160"
"E05000779","Bramhall North","Stockport","9","190"
"E05000779","Bramhall North","Stockport","10","165"
"E05000779","Bramhall North","Stockport","11","150"
"E05000780","Bramhall South and Woodford","Stockport","5","143"
"E05000780","Bramhall South and Woodford","Stockport","6","128"
"E05000780","Bramhall South and Woodford","Stockport","7","118"
"E05000780","Bramhall South and Woodford","Stockport","8","136"
"E05000780","Bramhall South and Woodford","Stockport","9","120"
"E05000780","Bramhall South and Woodford","Stockport","10","145"
"E05000780","Bramhall South and Woodford","Stockport","11","158"
"E05000781","Bredbury and Woodley","Stockport","5","154"
"E05000781","Bredbury and Woodley","Stockport","6","163"
"E05000781","Bredbury and Woodley","Stockport","7","170"
"E05000781","Bredbury and Woodley","Stockport","8","173"
"E05000781","Bredbury and Woodley","Stockport","9","132"
"E05000781","Bredbury and Woodley","Stockport","10","139"
"E05000781","Bredbury and Woodley","Stockport","11","134"
"E05000782","Bredbury Green and Romiley","Stockport","5","161"
"E05000782","Bredbury Green and Romiley","Stockport","6","190"
"E05000782","Bredbury Green and Romiley","Stockport","7","192"
"E05000782","Bredbury Green and Romiley","Stockport","8","177"
"E05000782","Bredbury Green and Romiley","Stockport","9","143"
"E05000782","Bredbury Green and Romiley","Stockport","10","157"
"E05000782","Bredbury Green and Romiley","Stockport","11","179"
"E05000783","Brinnington and Central","Stockport","5","241"
"E05000783","Brinnington and Central","Stockport","6","190"
"E05000783","Brinnington and Central","Stockport","7","216"
"E05000783","Brinnington and Central","Stockport","8","216"
"E05000783","Brinnington and Central","Stockport","9","216"
"E05000783","Brinnington and Central","Stockport","10","183"
"E05000783","Brinnington and Central","Stockport","11","191"
"E05000784","Cheadle and Gatley","Stockport","5","195"
"E05000784","Cheadle and Gatley","Stockport","6","197"
"E05000784","Cheadle and Gatley","Stockport","7","183"
"E05000784","Cheadle and Gatley","Stockport","8","177"
"E05000784","Cheadle and Gatley","Stockport","9","170"
"E05000784","Cheadle and Gatley","Stockport","10","187"
"E05000784","Cheadle and Gatley","Stockport","11","154"
"E05000785","Cheadle Hulme North","Stockport","5","175"
"E05000785","Cheadle Hulme North","Stockport","6","168"
"E05000785","Cheadle Hulme North","Stockport","7","142"
"E05000785","Cheadle Hulme North","Stockport","8","164"
"E05000785","Cheadle Hulme North","Stockport","9","149"
"E05000785","Cheadle Hulme North","Stockport","10","156"
"E05000785","Cheadle Hulme North","Stockport","11","151"
"E05000786","Cheadle Hulme South","Stockport","5","184"
"E05000786","Cheadle Hulme South","Stockport","6","165"
"E05000786","Cheadle Hulme South","Stockport","7","189"
"E05000786","Cheadle Hulme South","Stockport","8","183"
"E05000786","Cheadle Hulme South","Stockport","9","187"
"E05000786","Cheadle Hulme South","Stockport","10","172"
"E05000786","Cheadle Hulme South","Stockport","11","162"
"E05000787","Davenport and Cale Green","Stockport","5","249"
"E05000787","Davenport and Cale Green","Stockport","6","253"
"E05000787","Davenport and Cale Green","Stockport","7","257"
"E05000787","Davenport and Cale Green","Stockport","8","210"
"E05000787","Davenport and Cale Green","Stockport","9","243"
"E05000787","Davenport and Cale Green","Stockport","10","222"
"E05000787","Davenport and Cale Green","Stockport","11","216"
"E05000788","Edgeley and Cheadle Heath","Stockport","5","190"
"E05000788","Edgeley and Cheadle Heath","Stockport","6","191"
"E05000788","Edgeley and Cheadle Heath","Stockport","7","187"
"E05000788","Edgeley and Cheadle Heath","Stockport","8","200"
"E05000788","Edgeley and Cheadle Heath","Stockport","9","178"
"E05000788","Edgeley and Cheadle Heath","Stockport","10","162"
"E05000788","Edgeley and Cheadle Heath","Stockport","11","159"
"E05000789","Hazel Grove","Stockport","5","173"
"E05000789","Hazel Grove","Stockport","6","185"
"E05000789","Hazel Grove","Stockport","7","165"
"E05000789","Hazel Grove","Stockport","8","193"
"E05000789","Hazel Grove","Stockport","9","189"
"E05000789","Hazel Grove","Stockport","10","155"
"E05000789","Hazel Grove","Stockport","11","184"
"E05000790","Heald Green","Stockport","5","147"
"E05000790","Heald Green","Stockport","6","163"
"E05000790","Heald Green","Stockport","7","170"
"E05000790","Heald Green","Stockport","8","140"
"E05000790","Heald Green","Stockport","9","152"
"E05000790","Heald Green","Stockport","10","129"
"E05000790","Heald Green","Stockport","11","150"
"E05000791","Heatons North","Stockport","5","174"
"E05000791","Heatons North","Stockport","6","158"
"E05000791","Heatons North","Stockport","7","173"
"E05000791","Heatons North","Stockport","8","174"
"E05000791","Heatons North","Stockport","9","149"
"E05000791","Heatons North","Stockport","10","157"
"E05000791","Heatons North","Stockport","11","155"
"E05000792","Heatons South","Stockport","5","188"
"E05000792","Heatons South","Stockport","6","173"
"E05000792","Heatons South","Stockport","7","187"
"E05000792","Heatons South","Stockport","8","185"
"E05000792","Heatons South","Stockport","9","157"
"E05000792","Heatons South","Stockport","10","186"
"E05000792","Heatons South","Stockport","11","152"
"E05000793","Manor","Stockport","5","168"
"E05000793","Manor","Stockport","6","202"
"E05000793","Manor","Stockport","7","173"
"E05000793","Manor","Stockport","8","157"
"E05000793","Manor","Stockport","9","160"
"E05000793","Manor","Stockport","10","157"
"E05000793","Manor","Stockport","11","150"
"E05000794","Marple North","Stockport","5","147"
"E05000794","Marple North","Stockport","6","154"
"E05000794","Marple North","Stockport","7","148"
"E05000794","Marple North","Stockport","8","159"
"E05000794","Marple North","Stockport","9","146"
"E05000794","Marple North","Stockport","10","137"
"E05000794","Marple North","Stockport","11","129"
"E05000795","Marple South","Stockport","5","101"
"E05000795","Marple South","Stockport","6","106"
"E05000795","Marple South","Stockport","7","122"
"E05000795","Marple South","Stockport","8","114"
"E05000795","Marple South","Stockport","9","108"
"E05000795","Marple South","Stockport","10","108"
"E05000795","Marple South","Stockport","11","100"
"E05000796","Offerton","Stockport","5","155"
"E05000796","Offerton","Stockport","6","173"
"E05000796","Offerton","Stockport","7","197"
"E05000796","Offerton","Stockport","8","150"
"E05000796","Offerton","Stockport","9","189"
"E05000796","Offerton","Stockport","10","177"
"E05000796","Offerton","Stockport","11","163"
"E05000797","Reddish North","Stockport","5","210"
"E05000797","Reddish North","Stockport","6","197"
"E05000797","Reddish North","Stockport","7","217"
"E05000797","Reddish North","Stockport","8","191"
"E05000797","Reddish North","Stockport","9","176"
"E05000797","Reddish North","Stockport","10","183"
"E05000797","Reddish North","Stockport","11","169"
"E05000798","Reddish South","Stockport","5","147"
"E05000798","Reddish South","Stockport","6","160"
"E05000798","Reddish South","Stockport","7","146"
"E05000798","Reddish South","Stockport","8","170"
"E05000798","Reddish South","Stockport","9","134"
"E05000798","Reddish South","Stockport","10","138"
"E05000798","Reddish South","Stockport","11","127"
"E05000799","Stepping Hill","Stockport","5","117"
"E05000799","Stepping Hill","Stockport","6","132"
"E05000799","Stepping Hill","Stockport","7","163"
"E05000799","Stepping Hill","Stockport","8","149"
"E05000799","Stepping Hill","Stockport","9","162"
"E05000799","Stepping Hill","Stockport","10","146"
"E05000799","Stepping Hill","Stockport","11","128"
"E05000800","Ashton Hurst","Tameside","5","162"
"E05000800","Ashton Hurst","Tameside","6","145"
"E05000800","Ashton Hurst","Tameside","7","133"
"E05000800","Ashton Hurst","Tameside","8","145"
"E05000800","Ashton Hurst","Tameside","9","141"
"E05000800","Ashton Hurst","Tameside","10","153"
"E05000800","Ashton Hurst","Tameside","11","141"
"E05000801","Ashton St Michael's","Tameside","5","191"
"E05000801","Ashton St Michael's","Tameside","6","156"
"E05000801","Ashton St Michael's","Tameside","7","180"
"E05000801","Ashton St Michael's","Tameside","8","144"
"E05000801","Ashton St Michael's","Tameside","9","158"
"E05000801","Ashton St Michael's","Tameside","10","141"
"E05000801","Ashton St Michael's","Tameside","11","147"
"E05000802","Ashton Waterloo","Tameside","5","148"
"E05000802","Ashton Waterloo","Tameside","6","136"
"E05000802","Ashton Waterloo","Tameside","7","153"
"E05000802","Ashton Waterloo","Tameside","8","120"
"E05000802","Ashton Waterloo","Tameside","9","119"
"E05000802","Ashton Waterloo","Tameside","10","137"
"E05000802","Ashton Waterloo","Tameside","11","135"
"E05000803","Audenshaw","Tameside","5","166"
"E05000803","Audenshaw","Tameside","6","155"
"E05000803","Audenshaw","Tameside","7","139"
"E05000803","Audenshaw","Tameside","8","107"
"E05000803","Audenshaw","Tameside","9","150"
"E05000803","Audenshaw","Tameside","10","130"
"E05000803","Audenshaw","Tameside","11","125"
"E05000804","Denton North East","Tameside","5","130"
"E05000804","Denton North East","Tameside","6","108"
"E05000804","Denton North East","Tameside","7","139"
"E05000804","Denton North East","Tameside","8","135"
"E05000804","Denton North East","Tameside","9","129"
"E05000804","Denton North East","Tameside","10","103"
"E05000804","Denton North East","Tameside","11","109"
"E05000805","Denton South","Tameside","5","137"
"E05000805","Denton South","Tameside","6","146"
"E05000805","Denton South","Tameside","7","130"
"E05000805","Denton South","Tameside","8","110"
"E05000805","Denton South","Tameside","9","134"
"E05000805","Denton South","Tameside","10","131"
"E05000805","Denton South","Tameside","11","124"
"E05000806","Denton West","Tameside","5","121"
"E05000806","Denton West","Tameside","6","116"
"E05000806","Denton West","Tameside","7","115"
"E05000806","Denton West","Tameside","8","119"
"E05000806","Denton West","Tameside","9","132"
"E05000806","Denton West","Tameside","10","131"
"E05000806","Denton West","Tameside","11","118"
"E05000807","Droylsden East","Tameside","5","148"
"E05000807","Droylsden East","Tameside","6","138"
"E05000807","Droylsden East","Tameside","7","127"
"E05000807","Droylsden East","Tameside","8","129"
"E05000807","Droylsden East","Tameside","9","141"
"E05000807","Droylsden East","Tameside","10","128"
"E05000807","Droylsden East","Tameside","11","117"
"E05000808","Droylsden West","Tameside","5","159"
"E05000808","Droylsden West","Tameside","6","129"
"E05000808","Droylsden West","Tameside","7","142"
"E05000808","Droylsden West","Tameside","8","141"
"E05000808","Droylsden West","Tameside","9","113"
"E05000808","Droylsden West","Tameside","10","136"
"E05000808","Droylsden West","Tameside","11","137"
"E05000809","Dukinfield","Tameside","5","197"
"E05000809","Dukinfield","Tameside","6","173"
"E05000809","Dukinfield","Tameside","7","189"
"E05000809","Dukinfield","Tameside","8","145"
"E05000809","Dukinfield","Tameside","9","167"
"E05000809","Dukinfield","Tameside","10","143"
"E05000809","Dukinfield","Tameside","11","151"
"E05000810","Dukinfield Stalybridge","Tameside","5","136"
"E05000810","Dukinfield Stalybridge","Tameside","6","115"
"E05000810","Dukinfield Stalybridge","Tameside","7","148"
"E05000810","Dukinfield Stalybridge","Tameside","8","100"
"E05000810","Dukinfield Stalybridge","Tameside","9","111"
"E05000810","Dukinfield Stalybridge","Tameside","10","101"
"E05000810","Dukinfield Stalybridge","Tameside","11","97"
"E05000811","Hyde Godley","Tameside","5","168"
"E05000811","Hyde Godley","Tameside","6","158"
"E05000811","Hyde Godley","Tameside","7","174"
"E05000811","Hyde Godley","Tameside","8","173"
"E05000811","Hyde Godley","Tameside","9","144"
"E05000811","Hyde Godley","Tameside","10","155"
"E05000811","Hyde Godley","Tameside","11","149"
"E05000812","Hyde Newton","Tameside","5","190"
"E05000812","Hyde Newton","Tameside","6","217"
"E05000812","Hyde Newton","Tameside","7","200"
"E05000812","Hyde Newton","Tameside","8","198"
"E05000812","Hyde Newton","Tameside","9","203"
"E05000812","Hyde Newton","Tameside","10","160"
"E05000812","Hyde Newton","Tameside","11","155"
"E05000813","Hyde Werneth","Tameside","5","165"
"E05000813","Hyde Werneth","Tameside","6","162"
"E05000813","Hyde Werneth","Tameside","7","138"
"E05000813","Hyde Werneth","Tameside","8","149"
"E05000813","Hyde Werneth","Tameside","9","145"
"E05000813","Hyde Werneth","Tameside","10","143"
"E05000813","Hyde Werneth","Tameside","11","148"
"E05000814","Longdendale","Tameside","5","125"
"E05000814","Longdendale","Tameside","6","120"
"E05000814","Longdendale","Tameside","7","136"
"E05000814","Longdendale","Tameside","8","107"
"E05000814","Longdendale","Tameside","9","107"
"E05000814","Longdendale","Tameside","10","111"
"E05000814","Longdendale","Tameside","11","107"
"E05000815","Mossley","Tameside","5","146"
"E05000815","Mossley","Tameside","6","142"
"E05000815","Mossley","Tameside","7","149"
"E05000815","Mossley","Tameside","8","129"
"E05000815","Mossley","Tameside","9","126"
"E05000815","Mossley","Tameside","10","117"
"E05000815","Mossley","Tameside","11","134"
"E05000816","St Peter's","Tameside","5","214"
"E05000816","St Peter's","Tameside","6","183"
"E05000816","St Peter's","Tameside","7","173"
"E05000816","St Peter's","Tameside","8","201"
"E05000816","St Peter's","Tameside","9","172"
"E05000816","St Peter's","Tameside","10","184"
"E05000816","St Peter's","Tameside","11","162"
"E05000817","Stalybridge North","Tameside","5","188"
"E05000817","Stalybridge North","Tameside","6","181"
"E05000817","Stalybridge North","Tameside","7","192"
"E05000817","Stalybridge North","Tameside","8","163"
"E05000817","Stalybridge North","Tameside","9","166"
"E05000817","Stalybridge North","Tameside","10","150"
"E05000817","Stalybridge North","Tameside","11","147"
"E05000818","Stalybridge South","Tameside","5","148"
"E05000818","Stalybridge South","Tameside","6","135"
"E05000818","Stalybridge South","Tameside","7","141"
"E05000818","Stalybridge South","Tameside","8","134"
"E05000818","Stalybridge South","Tameside","9","145"
"E05000818","Stalybridge South","Tameside","10","134"
"E05000818","Stalybridge South","Tameside","11","107"
"E05000819","Altrincham","Trafford","5","175"
"E05000819","Altrincham","Trafford","6","196"
"E05000819","Altrincham","Trafford","7","146"
"E05000819","Altrincham","Trafford","8","152"
"E05000819","Altrincham","Trafford","9","134"
"E05000819","Altrincham","Trafford","10","146"
"E05000819","Altrincham","Trafford","11","127"
"E05000820","Ashton upon Mersey","Trafford","5","119"
"E05000820","Ashton upon Mersey","Trafford","6","148"
"E05000820","Ashton upon Mersey","Trafford","7","114"
"E05000820","Ashton upon Mersey","Trafford","8","131"
"E05000820","Ashton upon Mersey","Trafford","9","132"
"E05000820","Ashton upon Mersey","Trafford","10","127"
"E05000820","Ashton upon Mersey","Trafford","11","117"
"E05000821","Bowdon","Trafford","5","105"
"E05000821","Bowdon","Trafford","6","126"
"E05000821","Bowdon","Trafford","7","124"
"E05000821","Bowdon","Trafford","8","117"
"E05000821","Bowdon","Trafford","9","143"
"E05000821","Bowdon","Trafford","10","140"
"E05000821","Bowdon","Trafford","11","129"
"E05000822","Broadheath","Trafford","5","211"
"E05000822","Broadheath","Trafford","6","180"
"E05000822","Broadheath","Trafford","7","225"
"E05000822","Broadheath","Trafford","8","186"
"E05000822","Broadheath","Trafford","9","205"
"E05000822","Broadheath","Trafford","10","194"
"E05000822","Broadheath","Trafford","11","194"
"E05000823","Brooklands","Trafford","5","145"
"E05000823","Brooklands","Trafford","6","152"
"E05000823","Brooklands","Trafford","7","166"
"E05000823","Brooklands","Trafford","8","154"
"E05000823","Brooklands","Trafford","9","138"
"E05000823","Brooklands","Trafford","10","125"
"E05000823","Brooklands","Trafford","11","133"
"E05000824","Bucklow-St Martins","Trafford","5","196"
"E05000824","Bucklow-St Martins","Trafford","6","171"
"E05000824","Bucklow-St Martins","Trafford","7","174"
"E05000824","Bucklow-St Martins","Trafford","8","164"
"E05000824","Bucklow-St Martins","Trafford","9","171"
"E05000824","Bucklow-St Martins","Trafford","10","189"
"E05000824","Bucklow-St Martins","Trafford","11","141"
"E05000825","Clifford","Trafford","5","183"
"E05000825","Clifford","Trafford","6","188"
"E05000825","Clifford","Trafford","7","176"
"E05000825","Clifford","Trafford","8","188"
"E05000825","Clifford","Trafford","9","177"
"E05000825","Clifford","Trafford","10","197"
"E05000825","Clifford","Trafford","11","165"
"E05000826","Davyhulme East","Trafford","5","117"
"E05000826","Davyhulme East","Trafford","6","127"
"E05000826","Davyhulme East","Trafford","7","114"
"E05000826","Davyhulme East","Trafford","8","126"
"E05000826","Davyhulme East","Trafford","9","130"
"E05000826","Davyhulme East","Trafford","10","111"
"E05000826","Davyhulme East","Trafford","11","125"
"E05000827","Davyhulme West","Trafford","5","115"
"E05000827","Davyhulme West","Trafford","6","116"
"E05000827","Davyhulme West","Trafford","7","125"
"E05000827","Davyhulme West","Trafford","8","114"
"E05000827","Davyhulme West","Trafford","9","124"
"E05000827","Davyhulme West","Trafford","10","120"
"E05000827","Davyhulme West","Trafford","11","129"
"E05000828","Flixton","Trafford","5","136"
"E05000828","Flixton","Trafford","6","126"
"E05000828","Flixton","Trafford","7","129"
"E05000828","Flixton","Trafford","8","136"
"E05000828","Flixton","Trafford","9","124"
"E05000828","Flixton","Trafford","10","115"
"E05000828","Flixton","Trafford","11","138"
"E05000829","Gorse Hill","Trafford","5","167"
"E05000829","Gorse Hill","Trafford","6","161"
"E05000829","Gorse Hill","Trafford","7","188"
"E05000829","Gorse Hill","Trafford","8","190"
"E05000829","Gorse Hill","Trafford","9","167"
"E05000829","Gorse Hill","Trafford","10","172"
"E05000829","Gorse Hill","Trafford","11","146"
"E05000830","Hale Barns","Trafford","5","124"
"E05000830","Hale Barns","Trafford","6","142"
"E05000830","Hale Barns","Trafford","7","145"
"E05000830","Hale Barns","Trafford","8","132"
"E05000830","Hale Barns","Trafford","9","164"
"E05000830","Hale Barns","Trafford","10","149"
"E05000830","Hale Barns","Trafford","11","141"
"E05000831","Hale Central","Trafford","5","170"
"E05000831","Hale Central","Trafford","6","157"
"E05000831","Hale Central","Trafford","7","185"
"E05000831","Hale Central","Trafford","8","154"
"E05000831","Hale Central","Trafford","9","158"
"E05000831","Hale Central","Trafford","10","170"
"E05000831","Hale Central","Trafford","11","177"
"E05000832","Longford","Trafford","5","153"
"E05000832","Longford","Trafford","6","158"
"E05000832","Longford","Trafford","7","193"
"E05000832","Longford","Trafford","8","167"
"E05000832","Longford","Trafford","9","179"
"E05000832","Longford","Trafford","10","164"
"E05000832","Longford","Trafford","11","154"
"E05000833","Priory","Trafford","5","169"
"E05000833","Priory","Trafford","6","145"
"E05000833","Priory","Trafford","7","174"
"E05000833","Priory","Trafford","8","147"
"E05000833","Priory","Trafford","9","105"
"E05000833","Priory","Trafford","10","118"
"E05000833","Priory","Trafford","11","115"
"E05000834","St Mary's","Trafford","5","137"
"E05000834","St Mary's","Trafford","6","141"
"E05000834","St Mary's","Trafford","7","150"
"E05000834","St Mary's","Trafford","8","150"
"E05000834","St Mary's","Trafford","9","136"
"E05000834","St Mary's","Trafford","10","169"
"E05000834","St Mary's","Trafford","11","152"
"E05000835","Sale Moor","Trafford","5","160"
"E05000835","Sale Moor","Trafford","6","153"
"E05000835","Sale Moor","Trafford","7","159"
"E05000835","Sale Moor","Trafford","8","150"
"E05000835","Sale Moor","Trafford","9","138"
"E05000835","Sale Moor","Trafford","10","128"
"E05000835","Sale Moor","Trafford","11","113"
"E05000836","Stretford","Trafford","5","181"
"E05000836","Stretford","Trafford","6","167"
"E05000836","Stretford","Trafford","7","164"
"E05000836","Stretford","Trafford","8","155"
"E05000836","Stretford","Trafford","9","156"
"E05000836","Stretford","Trafford","10","148"
"E05000836","Stretford","Trafford","11","134"
"E05000837","Timperley","Trafford","5","142"
"E05000837","Timperley","Trafford","6","149"
"E05000837","Timperley","Trafford","7","135"
"E05000837","Timperley","Trafford","8","130"
"E05000837","Timperley","Trafford","9","144"
"E05000837","Timperley","Trafford","10","147"
"E05000837","Timperley","Trafford","11","148"
"E05000838","Urmston","Trafford","5","137"
"E05000838","Urmston","Trafford","6","136"
"E05000838","Urmston","Trafford","7","117"
"E05000838","Urmston","Trafford","8","133"
"E05000838","Urmston","Trafford","9","138"
"E05000838","Urmston","Trafford","10","140"
"E05000838","Urmston","Trafford","11","115"
"E05000839","Village","Trafford","5","148"
"E05000839","Village","Trafford","6","153"
"E05000839","Village","Trafford","7","181"
"E05000839","Village","Trafford","8","168"
"E05000839","Village","Trafford","9","142"
"E05000839","Village","Trafford","10","149"
"E05000839","Village","Trafford","11","152"
"E05000840","Abram","Wigan","5","259"
"E05000840","Abram","Wigan","6","219"
"E05000840","Abram","Wigan","7","243"
"E05000840","Abram","Wigan","8","193"
"E05000840","Abram","Wigan","9","199"
"E05000840","Abram","Wigan","10","192"
"E05000840","Abram","Wigan","11","160"
"E05000841","Ashton","Wigan","5","164"
"E05000841","Ashton","Wigan","6","162"
"E05000841","Ashton","Wigan","7","163"
"E05000841","Ashton","Wigan","8","142"
"E05000841","Ashton","Wigan","9","141"
"E05000841","Ashton","Wigan","10","164"
"E05000841","Ashton","Wigan","11","143"
"E05000842","Aspull New Springs Whelley","Wigan","5","148"
"E05000842","Aspull New Springs Whelley","Wigan","6","132"
"E05000842","Aspull New Springs Whelley","Wigan","7","151"
"E05000842","Aspull New Springs Whelley","Wigan","8","125"
"E05000842","Aspull New Springs Whelley","Wigan","9","153"
"E05000842","Aspull New Springs Whelley","Wigan","10","118"
"E05000842","Aspull New Springs Whelley","Wigan","11","156"
"E05000843","Astley Mosley Common","Wigan","5","109"
"E05000843","Astley Mosley Common","Wigan","6","134"
"E05000843","Astley Mosley Common","Wigan","7","118"
"E05000843","Astley Mosley Common","Wigan","8","135"
"E05000843","Astley Mosley Common","Wigan","9","136"
"E05000843","Astley Mosley Common","Wigan","10","112"
"E05000843","Astley Mosley Common","Wigan","11","126"
"E05000844","Atherleigh","Wigan","5","149"
"E05000844","Atherleigh","Wigan","6","136"
"E05000844","Atherleigh","Wigan","7","138"
"E05000844","Atherleigh","Wigan","8","147"
"E05000844","Atherleigh","Wigan","9","129"
"E05000844","Atherleigh","Wigan","10","156"
"E05000844","Atherleigh","Wigan","11","126"
"E05000845","Atherton","Wigan","5","210"
"E05000845","Atherton","Wigan","6","193"
"E05000845","Atherton","Wigan","7","210"
"E05000845","Atherton","Wigan","8","172"
"E05000845","Atherton","Wigan","9","200"
"E05000845","Atherton","Wigan","10","168"
"E05000845","Atherton","Wigan","11","129"
"E05000846","Bryn","Wigan","5","106"
"E05000846","Bryn","Wigan","6","108"
"E05000846","Bryn","Wigan","7","127"
"E05000846","Bryn","Wigan","8","124"
"E05000846","Bryn","Wigan","9","123"
"E05000846","Bryn","Wigan","10","118"
"E05000846","Bryn","Wigan","11","135"
"E05000847","Douglas","Wigan","5","174"
"E05000847","Douglas","Wigan","6","177"
"E05000847","Douglas","Wigan","7","168"
"E05000847","Douglas","Wigan","8","170"
"E05000847","Douglas","Wigan","9","169"
"E05000847","Douglas","Wigan","10","152"
"E05000847","Douglas","Wigan","11","135"
"E05000848","Golborne and Lowton West","Wigan","5","149"
"E05000848","Golborne and Lowton West","Wigan","6","148"
"E05000848","Golborne and Lowton West","Wigan","7","163"
"E05000848","Golborne and Lowton West","Wigan","8","149"
"E05000848","Golborne and Lowton West","Wigan","9","152"
"E05000848","Golborne and Lowton West","Wigan","10","146"
"E05000848","Golborne and Lowton West","Wigan","11","161"
"E05000849","Hindley","Wigan","5","177"
"E05000849","Hindley","Wigan","6","192"
"E05000849","Hindley","Wigan","7","175"
"E05000849","Hindley","Wigan","8","161"
"E05000849","Hindley","Wigan","9","174"
"E05000849","Hindley","Wigan","10","163"
"E05000849","Hindley","Wigan","11","152"
"E05000850","Hindley Green","Wigan","5","126"
"E05000850","Hindley Green","Wigan","6","131"
"E05000850","Hindley Green","Wigan","7","123"
"E05000850","Hindley Green","Wigan","8","121"
"E05000850","Hindley Green","Wigan","9","145"
"E05000850","Hindley Green","Wigan","10","132"
"E05000850","Hindley Green","Wigan","11","132"
"E05000851","Ince","Wigan","5","229"
"E05000851","Ince","Wigan","6","193"
"E05000851","Ince","Wigan","7","204"
"E05000851","Ince","Wigan","8","221"
"E05000851","Ince","Wigan","9","199"
"E05000851","Ince","Wigan","10","179"
"E05000851","Ince","Wigan","11","176"
"E05000852","Leigh East","Wigan","5","158"
"E05000852","Leigh East","Wigan","6","149"
"E05000852","Leigh East","Wigan","7","128"
"E05000852","Leigh East","Wigan","8","149"
"E05000852","Leigh East","Wigan","9","146"
"E05000852","Leigh East","Wigan","10","125"
"E05000852","Leigh East","Wigan","11","143"
"E05000853","Leigh South","Wigan","5","161"
"E05000853","Leigh South","Wigan","6","178"
"E05000853","Leigh South","Wigan","7","185"
"E05000853","Leigh South","Wigan","8","163"
"E05000853","Leigh South","Wigan","9","180"
"E05000853","Leigh South","Wigan","10","146"
"E05000853","Leigh South","Wigan","11","149"
"E05000854","Leigh West","Wigan","5","179"
"E05000854","Leigh West","Wigan","6","209"
"E05000854","Leigh West","Wigan","7","183"
"E05000854","Leigh West","Wigan","8","185"
"E05000854","Leigh West","Wigan","9","199"
"E05000854","Leigh West","Wigan","10","200"
"E05000854","Leigh West","Wigan","11","186"
"E05000855","Lowton East","Wigan","5","165"
"E05000855","Lowton East","Wigan","6","144"
"E05000855","Lowton East","Wigan","7","177"
"E05000855","Lowton East","Wigan","8","159"
"E05000855","Lowton East","Wigan","9","174"
"E05000855","Lowton East","Wigan","10","142"
"E05000855","Lowton East","Wigan","11","149"
"E05000856","Orrell","Wigan","5","135"
"E05000856","Orrell","Wigan","6","162"
"E05000856","Orrell","Wigan","7","130"
"E05000856","Orrell","Wigan","8","123"
"E05000856","Orrell","Wigan","9","140"
"E05000856","Orrell","Wigan","10","146"
"E05000856","Orrell","Wigan","11","157"
"E05000857","Pemberton","Wigan","5","208"
"E05000857","Pemberton","Wigan","6","213"
"E05000857","Pemberton","Wigan","7","199"
"E05000857","Pemberton","Wigan","8","175"
"E05000857","Pemberton","Wigan","9","188"
"E05000857","Pemberton","Wigan","10","181"
"E05000857","Pemberton","Wigan","11","177"
"E05000858","Shevington with Lower Ground","Wigan","5","114"
"E05000858","Shevington with Lower Ground","Wigan","6","106"
"E05000858","Shevington with Lower Ground","Wigan","7","106"
"E05000858","Shevington with Lower Ground","Wigan","8","129"
"E05000858","Shevington with Lower Ground","Wigan","9","129"
"E05000858","Shevington with Lower Ground","Wigan","10","115"
"E05000858","Shevington with Lower Ground","Wigan","11","117"
"E05000859","Standish with Langtree","Wigan","5","122"
"E05000859","Standish with Langtree","Wigan","6","144"
"E05000859","Standish with Langtree","Wigan","7","128"
"E05000859","Standish with Langtree","Wigan","8","138"
"E05000859","Standish with Langtree","Wigan","9","134"
"E05000859","Standish with Langtree","Wigan","10","125"
"E05000859","Standish with Langtree","Wigan","11","141"
"E05000860","Tyldesley","Wigan","5","169"
"E05000860","Tyldesley","Wigan","6","181"
"E05000860","Tyldesley","Wigan","7","186"
"E05000860","Tyldesley","Wigan","8","154"
"E05000860","Tyldesley","Wigan","9","204"
"E05000860","Tyldesley","Wigan","10","186"
"E05000860","Tyldesley","Wigan","11","176"
"E05000861","Wigan Central","Wigan","5","116"
"E05000861","Wigan Central","Wigan","6","123"
"E05000861","Wigan Central","Wigan","7","128"
"E05000861","Wigan Central","Wigan","8","112"
"E05000861","Wigan Central","Wigan","9","105"
"E05000861","Wigan Central","Wigan","10","95"
"E05000861","Wigan Central","Wigan","11","100"
"E05000862","Wigan West","Wigan","5","188"
"E05000862","Wigan West","Wigan","6","150"
"E05000862","Wigan West","Wigan","7","182"
"E05000862","Wigan West","Wigan","8","172"
"E05000862","Wigan West","Wigan","9","129"
"E05000862","Wigan West","Wigan","10","152"
"E05000862","Wigan West","Wigan","11","136"
"E05000863","Winstanley","Wigan","5","144"
"E05000863","Winstanley","Wigan","6","137"
"E05000863","Winstanley","Wigan","7","146"
"E05000863","Winstanley","Wigan","8","142"
"E05000863","Winstanley","Wigan","9","169"
"E05000863","Winstanley","Wigan","10","133"
"E05000863","Winstanley","Wigan","11","134"
"E05000864","Worsley Mesnes","Wigan","5","141"
"E05000864","Worsley Mesnes","Wigan","6","151"
"E05000864","Worsley Mesnes","Wigan","7","166"
"E05000864","Worsley Mesnes","Wigan","8","134"
"E05000864","Worsley Mesnes","Wigan","9","140"
"E05000864","Worsley Mesnes","Wigan","10","135"
"E05000864","Worsley Mesnes","Wigan","11","121"
